1,2022-01-05 20:02:49,2254,200,Xayah,Bottom,17,11,11,427,4351,5,True,316
2,2022-01-07 16:08:49,1669,200,Morgana,Support,8,20,3,564,3282,9,True,331
3,2022-01-07 17:05:05,1596,200,Janna,Support,0,7,5,435,4531,12,False,316
4,2022-01-08 13:12:21,1965,200,Morgana,Support,0,17,4,744,1238,7,True,331
5,2022-01-08 14:06:25,2347,100,Morgana,Support,4,22,6,617,3357,8,True,346
6,2022-01-09 12:00:27,1863,200,Morgana,Support,3,22,7,422,2019,12,False,331
7,2022-01-09 13:40:36,1566,200,Morgana,Support,2,9,3,585,2029,7,True,346
8,2022-01-09 15:01:48,1626,200,Morgana,Support,5,5,1,639,2593,13,True,361
9,2022-01-09 15:53:36,1732,200,Morgana,Support,4,20,4,858,3353,5,True,376
10,2022-01-09 18:18:36,1932,200,Morgana,Support,4,17,4,508,3427,12,True,391
11,2022-01-10 08:58:46,1738,200,Morgana,Support,3,19,7,587,1620,6,True,406
12,2022-01-10 11:24:45,2217,100,Morgana,Support,2,21,7,865,3859,7,True,421
13,2022-01-10 12:32:54,1630,100,Morgana,Support,2,16,0,0,3108,3,True,436
14,2022-01-10 14:08:18,2063,100,Morgana,Support,5,15,5,860,3060,8,False,421
15,2022-01-10 15:15:49,2393,200,Morgana,Jungle,4,22,7,629,4438,20,True,436
16,2022-01-11 15:12:46,2190,200,Janna,Support,2,21,5,1137,16098,8,True,451
17,2022-01-11 16:13:16,1494,200,Morgana,Support,0,11,2,1082,2087,2,True,466
18,2022-01-11 22:20:41,1913,100,Morgana,Support,4,13,4,1049,2568,9,True,481
19,2022-01-12 09:01:02,617,100,Janna,Support,2,0,1,513,174,0,False,466
20,2022-01-12 09:18:17,1919,100,Morgana,Support,4,12,7,630,2051,5,False,451
21,2022-01-12 11:41:05,1861,200,Morgana,Support,1,6,5,1065,2619,8,False,436
22,2022-01-12 13:51:55,2011,100,Morgana,Support,2,9,9,382,1486,10,False,421
23,2022-01-12 14:33:40,2264,200,Morgana,Support,1,19,10,335,2440,13,True,436
24,2022-01-12 15:25:18,1732,200,Morgana,Support,2,3,3,949,3118,13,False,421
25,2022-01-12 23:03:26,1931,200,Morgana,Support,1,21,3,889,4121,8,True,436
26,2022-01-13 16:15:36,1556,100,Morgana,Support,0,8,8,409,799,10,False,421
27,2022-01-13 16:45:47,1306,100,Morgana,Support,1,3,3,679,1296,5,False,406
28,2022-01-13 20:08:21,1614,200,Morgana,Support,2,13,7,401,2365,11,True,421
29,2022-01-13 20:45:37,1663,100,Morgana,Support,3,5,8,459,1252,10,False,406
30,2022-01-14 08:04:41,1200,100,Janna,Support,2,15,2,306,6461,8,True,421
31,2022-01-14 10:01:01,2250,200,Morgana,Support,4,18,6,475,4729,24,True,436
32,2022-01-14 13:07:10,2069,200,Morgana,Support,1,22,8,531,3803,11,True,451
33,2022-01-14 15:19:39,1924,200,Morgana,Support,7,12,11,488,2514,6,False,436
34,2022-01-14 16:32:45,2194,100,Morgana,Support,1,19,7,715,2611,8,False,421
35,2022-01-14 18:37:22,1813,200,Morgana,Support,3,7,7,678,1430,7,False,406
36,2022-01-15 09:20:28,913,200,Morgana,Support,2,4,3,460,382,3,False,400
37,2022-01-16 14:11:22,1558,200,Morgana,Support,6,9,2,795,2369,13,True,415
38,2022-01-16 21:34:04,1530,200,Morgana,Support,4,12,6,417,5703,12,True,430
39,2022-01-16 23:10:52,2291,200,Morgana,Support,1,13,7,1022,3247,19,False,415
40,2022-01-17 13:07:02,1983,100,Morgana,Support,4,19,3,856,2707,9,True,430
41,2022-01-17 13:50:09,1683,200,Morgana,Support,1,13,5,516,2033,9,True,445
42,2022-01-17 15:21:30,2183,100,Morgana,Support,4,10,8,497,3889,14,True,460
43,2022-01-17 16:34:04,2462,100,Ziggs,Bottom,4,14,12,563,2350,3,False,445
44,2022-01-17 22:41:13,1723,200,Morgana,Support,1,13,4,827,2720,8,True,460
45,2022-01-17 23:15:09,1359,100,Seraphine,Support,0,4,5,395,2001,4,False,445
46,2022-01-17 23:45:11,911,100,Morgana,Support,3,7,1,772,696,4,True,460
47,2022-01-18 00:22:09,1364,100,Morgana,Support,1,10,2,491,1408,12,True,475
48,2022-01-18 09:35:30,2356,200,Morgana,Support,3,13,8,537,3751,8,True,490
49,2022-01-18 11:28:55,2049,200,Morgana,Support,1,20,6,895,2949,6,False,475
50,2022-01-18 12:35:53,1690,200,Morgana,Jungle,3,7,8,345,1269,13,False,460
51,2022-01-18 13:13:36,1475,200,Janna,Support,0,10,5,535,3299,8,False,445
52,2022-01-18 13:42:19,1971,200,Morgana,Jungle,0,10,3,698,2659,13,False,430
53,2022-01-18 16:22:46,1837,100,Morgana,Support,3,12,4,456,4034,4,True,445
54,2022-01-18 18:13:03,1468,100,Morgana,Support,3,15,5,403,2751,9,True,460
55,2022-01-18 18:56:35,1429,100,Morgana,Support,6,8,3,593,2107,6,True,475
56,2022-01-18 19:32:29,1448,100,Morgana,Support,2,12,5,499,1447,8,True,490
57,2022-01-19 01:28:04,1581,200,Morgana,Support,1,10,9,225,1596,7,False,475
58,2022-01-19 02:29:15,1898,100,Lulu,Support,4,19,7,509,3776,8,True,490
59,2022-01-19 02:00:18,1220,200,Morgana,Support,3,7,5,542,1654,2,True,505
60,2022-01-19 11:00:13,2068,200,Morgana,Support,2,15,4,1020,3106,12,False,490
61,2022-01-19 20:32:24,2819,200,Morgana,Support,4,21,6,987,8894,23,True,505
62,2022-01-19 21:26:28,2164,100,Morgana,Support,2,30,10,399,6026,5,True,520
63,2022-01-19 23:37:57,2349,200,Morgana,Support,5,21,11,523,6336,15,False,505
64,2022-01-20 00:23:51,199,100,Morgana,Support,0,0,0,0,6,0,True,520
65,2022-01-20 00:32:31,1818,100,Morgana,Support,5,12,6,596,1327,5,False,505
66,2022-01-20 10:46:32,2137,200,Janna,Jungle,0,16,13,504,12681,12,False,490
67,2022-01-20 11:30:20,2283,100,Janna,Support,0,17,6,561,16425,14,True,505
68,2022-01-20 12:31:21,2801,100,Morgana,Support,6,34,11,687,5412,17,False,490
69,2022-01-20 13:27:42,2849,100,Lulu,Support,1,26,2,1716,2093,18,True,505
70,2022-01-20 15:40:30,2046,200,Morgana,Support,3,13,7,735,3943,10,True,520
71,2022-01-20 16:48:14,1775,200,Lulu,Support,2,23,5,680,4010,8,True,535
72,2022-01-20 18:07:48,1501,100,Morgana,Support,0,6,5,669,1124,7,False,520
73,2022-01-20 18:47:19,1474,200,Morgana,Support,5,14,7,316,3080,6,True,535
74,2022-01-20 19:41:49,929,100,Lulu,Support,2,6,0,0,383,2,True,550
75,2022-01-21 16:20:45,1867,100,Lulu,Support,1,5,5,609,3739,3,False,535
76,2022-01-22 23:42:04,1877,200,Morgana,Support,2,8,6,553,2666,15,True,550
77,2022-01-23 21:10:25,1543,200,Morgana,Support,3,6,7,555,2060,12,False,535
78,2022-01-24 15:51:48,1652,100,Morgana,Support,2,6,2,1403,3249,13,False,520
79,2022-01-24 16:36:35,2111,200,Janna,Support,1,23,12,338,6755,12,True,535
80,2022-01-24 18:51:45,943,100,Morgana,Support,0,5,0,0,731,6,True,550
81,2022-01-24 19:14:18,1072,200,Morgana,Support,2,12,5,286,1019,1,False,535
82,2022-01-24 19:38:14,2311,200,Morgana,Support,3,23,4,649,7223,9,True,550
83,2022-01-24 20:30:44,1690,100,Morgana,Support,1,6,7,710,1297,5,False,535
84,2022-01-24 22:54:56,1235,100,Morgana,Support,0,3,5,442,1006,7,False,520
85,2022-01-24 22:26:22,1372,100,Morgana,Support,3,8,2,949,1777,4,True,535
86,2022-01-24 23:27:08,2042,200,Janna,Support,0,23,11,392,9992,3,False,520
87,2022-01-25 17:16:31,1645,100,Janna,Support,1,5,5,933,4638,12,False,505
88,2022-01-25 17:50:41,2394,200,Janna,Support,0,16,6,829,9410,9,True,520
89,2022-01-25 20:04:15,2097,100,Janna,Support,8,14,7,524,10247,8,False,505
90,2022-01-25 20:44:47,1552,200,Janna,Support,3,22,1,1074,7000,8,True,520
91,2022-01-25 21:18:25,1823,100,Janna,Support,3,30,4,473,7843,11,True,535
92,2022-01-25 21:56:51,1213,100,Janna,Support,2,23,2,503,5002,2,True,550
93,2022-01-25 22:28:59,1878,100,Morgana,Support,3,21,6,937,3072,6,True,565
94,2022-01-26 00:16:49,1293,200,Janna,Support,1,4,4,441,1974,8,False,550
95,2022-01-25 23:13:06,1599,100,Janna,Support,4,24,1,1120,7233,10,True,565
96,2022-01-26 00:06:57,195,200,Janna,Support,0,0,0,0,50,0,False,550
97,2022-01-26 09:42:49,1678,200,Janna,Support,1,13,2,1231,8025,9,True,565
98,2022-01-26 10:18:28,1508,100,Janna,Support,0,6,7,650,3141,6,False,550
99,2022-01-26 13:04:35,1272,200,Janna,Support,0,10,3,388,2879,3,True,565
100,2022-01-26 13:30:25,1313,200,Janna,Support,1,14,2,507,2723,7,True,580
101,2022-01-26 13:58:17,1790,100,Janna,Support,1,15,3,1104,5912,12,False,565
102,2022-01-26 15:39:19,1834,100,Janna,Support,1,16,8,521,6204,11,False,550
103,2022-01-26 16:16:58,1464,200,Janna,Support,2,11,2,932,6182,6,True,565
104,2022-01-26 16:52:07,1501,100,Janna,Support,3,9,5,407,4011,5,False,550
105,2022-01-26 20:35:18,1936,200,Janna,Support,1,22,5,611,7884,18,False,535
106,2022-01-26 21:15:55,1722,200,Janna,Support,0,3,7,434,6570,5,False,520
107,2022-01-27 09:44:33,1560,100,Janna,Support,3,6,6,695,4073,7,False,505
108,2022-01-27 10:56:31,1748,100,Morgana,Support,2,8,8,768,1407,7,False,490
109,2022-01-27 15:08:48,1784,100,Janna,Support,4,14,7,541,4478,6,False,475
110,2022-03-24 22:26:03,1349,100,Janna,Support,0,12,2,617,3910,7,True,490
111,2022-03-24 22:53:46,1448,200,Janna,Support,1,12,3,969,3333,12,True,505
112,2022-03-24 23:24:24,2942,100,Morgana,Support,1,31,12,430,4882,18,False,490
113,2022-03-25 13:34:46,1455,200,Janna,Support,1,4,4,459,5031,5,False,475
114,2022-03-25 14:05:04,1783,200,Seraphine,Jungle,1,23,1,1004,9292,14,True,490
115,2022-03-25 14:39:34,1567,100,Morgana,Support,10,15,5,469,4021,5,True,505
116,2022-03-25 15:12:00,1239,100,Morgana,Support,2,2,8,520,501,3,False,490
117,2022-03-25 15:52:59,1384,200,Senna,Support,1,7,6,325,3747,4,False,475
118,2022-03-25 16:22:26,1723,200,Morgana,Jungle,8,17,6,508,3708,5,True,490
119,2022-03-25 18:54:21,1651,100,Morgana,Support,4,21,5,501,2141,4,True,505
120,2022-03-25 19:27:30,1681,200,Seraphine,Support,5,13,5,400,4659,3,True,520
121,2022-03-25 20:34:50,1822,100,Morgana,Support,2,16,3,910,3192,11,False,505
122,2022-03-26 17:29:45,1963,100,Morgana,Support,10,13,12,286,4384,4,False,490
123,2022-03-26 18:08:25,1056,100,Morgana,Support,2,10,1,791,1166,2,True,505
124,2022-03-27 00:13:50,1914,100,Morgana,Support,7,8,4,1069,5364,6,True,520
125,2022-03-27 00:51:44,2078,200,Morgana,Support,5,8,15,273,1584,7,False,505
126,2022-03-27 19:16:26,1892,200,Morgana,Support,9,7,11,441,2456,8,False,490
127,2022-03-28 08:03:45,1499,100,Morgana,Support,2,11,2,482,2895,8,True,505
128,2022-03-28 08:38:38,2206,100,Zyra,Support,4,19,9,412,2398,9,True,520
129,2022-03-28 10:48:58,1642,100,Morgana,Support,4,24,3,442,2403,7,True,535
130,2022-03-28 11:22:33,1890,200,Seraphine,Support,2,2,5,891,1978,8,False,520
131,2022-03-28 18:07:18,1770,200,Lulu,Support,3,15,9,464,1969,5,False,505
132,2022-03-28 21:11:02,1924,200,Morgana,Support,2,10,6,522,2897,9,False,490
133,2022-03-28 22:33:32,2433,200,Janna,Support,1,15,10,890,8972,14,False,475
134,2022-03-28 21:51:05,1618,200,Sona,Support,3,15,3,808,12011,5,True,490
135,2022-03-28 23:38:08,1743,200,Senna,Support,2,10,5,641,7743,10,True,505
136,2022-03-29 09:49:27,1558,200,Seraphine,Support,1,6,7,394,3788,4,False,490
137,2022-03-29 10:58:50,1464,200,Brand,Support,4,5,11,334,0,8,False,475
138,2022-03-29 17:06:17,2105,100,Morgana,Support,4,17,7,475,4353,10,True,490
139,2022-03-30 11:01:42,1937,200,Morgana,Support,0,12,9,389,1871,9,False,475
140,2022-03-31 19:33:20,2369,200,Morgana,Support,9,9,11,466,4143,15,False,460
141,2022-04-01 09:46:48,1384,100,Morgana,Support,4,17,1,1156,2115,5,True,475
142,2022-04-01 13:36:44,2099,100,Morgana,Support,0,22,6,338,5119,14,True,490
143,2022-04-01 14:24:39,1588,100,Morgana,Support,5,12,5,1002,2502,6,False,475
144,2022-04-01 16:40:39,1911,200,Seraphine,Support,7,24,7,388,6457,13,True,490
145,2022-04-01 17:20:41,1370,100,Morgana,Support,1,8,1,1356,3542,4,True,505
146,2022-04-01 21:04:58,2555,100,Seraphine,Support,7,15,9,434,10117,9,True,520
147,2022-04-01 21:54:11,1231,200,Morgana,Support,0,4,3,425,786,4,False,505
148,2022-04-02 17:27:06,1863,200,Leona,Support,2,20,8,338,2002,10,True,520
149,2022-04-02 19:54:24,1565,200,Seraphine,Support,2,4,4,699,2253,10,False,505
150,2022-04-02 22:53:03,1629,200,Morgana,Support,2,5,7,699,1424,7,False,490
151,2022-04-03 15:19:03,1570,200,Leona,Support,3,4,8,384,83,8,False,475
152,2022-04-04 11:27:33,1688,100,Morgana,Support,2,6,4,948,2079,9,False,460
153,2022-04-04 12:44:23,1458,200,Seraphine,Support,1,9,4,761,2669,7,True,475
154,2022-04-04 14:34:18,1946,100,Morgana,Support,4,16,4,1090,3413,19,False,460
155,2022-04-04 15:16:57,1975,200,Morgana,Support,0,7,6,672,4745,12,False,445
156,2022-04-05 23:50:56,1801,100,Sona,Support,0,12,7,443,9482,4,False,430
157,2022-04-05 23:14:46,1835,200,Seraphine,Support,3,19,5,416,9396,9,True,445
158,2022-04-06 00:52:27,1748,100,Xayah,Bottom,3,8,2,992,1109,0,False,430
159,2022-04-06 09:18:39,2104,200,Seraphine,Support,6,10,7,680,9796,7,False,415
160,2022-04-06 11:17:11,2079,200,Morgana,Support,6,12,9,531,3937,8,False,400
161,2022-04-06 14:01:03,1568,200,Morgana,Support,3,20,3,676,2387,8,True,415
162,2022-04-06 14:31:50,1917,200,Seraphine,Support,2,15,4,635,6351,11,False,400
163,2022-04-06 16:45:10,943,100,Seraphine,Support,0,14,0,0,1679,6,True,415
164,2022-04-06 23:54:24,1668,100,Morgana,Support,4,23,2,725,2263,5,True,430
165,2022-04-06 23:23:14,1522,200,Seraphine,Support,1,11,3,362,5610,4,True,445
166,2022-04-07 00:28:33,1710,100,Morgana,Support,4,23,6,468,3164,6,True,460
167,2022-04-07 11:31:59,2115,200,Morgana,Support,2,19,4,1000,4952,16,False,445
168,2022-04-07 12:21:22,1300,200,Seraphine,Support,0,0,1,972,589,3,False,430
169,2022-04-08 14:14:25,1600,100,Morgana,Support,6,25,2,726,3200,11,True,445
170,2022-04-08 14:49:54,2591,200,Morgana,Support,0,12,5,1210,4341,22,False,430
171,2022-04-11 10:52:24,2020,100,Seraphine,Support,1,20,7,297,19326,10,True,445
172,2022-04-11 12:03:37,1476,200,Morgana,Support,3,12,2,1044,4637,5,True,460
173,2022-04-11 14:44:15,955,100,Seraphine,Support,2,1,3,289,173,1,False,445
174,2022-04-11 14:11:05,1632,100,Morgana,Support,4,11,2,788,3202,15,True,460
175,2022-04-11 15:35:34,2155,200,Seraphine,Support,2,16,9,681,9167,7,True,475
176,2022-04-11 15:14:16,936,100,Seraphine,Support,1,6,0,0,716,0,True,490
177,2022-04-11 16:17:28,1891,100,Morgana,Support,2,7,11,554,1160,10,False,475
178,2022-04-12 23:11:54,2193,200,Seraphine,Support,1,18,8,697,13463,10,True,490
179,2022-04-12 23:54:22,2306,100,Morgana,Support,4,23,6,680,3141,9,True,505
180,2022-04-13 00:46:41,1508,100,Seraphine,Jungle,6,23,4,510,10444,6,True,520
181,2022-04-13 01:17:25,2131,200,Morgana,Support,2,15,9,645,3101,12,False,505
182,2022-04-13 11:59:15,1717,100,Zyra,Support,7,6,11,626,1454,8,False,490
183,2022-04-13 12:33:49,1367,100,Morgana,Support,7,10,4,612,3426,3,True,505
184,2022-04-13 13:13:26,1852,100,Morgana,Support,4,10,7,663,2003,8,False,490
185,2022-04-13 15:27:27,1803,200,Zyra,Support,5,10,9,421,688,8,True,505
186,2022-04-13 14:43:40,2000,100,Seraphine,Support,3,14,8,619,6908,11,False,490
187,2022-04-13 18:42:28,1968,100,Nami,Support,1,19,4,1147,16532,3,False,475
188,2022-04-13 21:46:06,2043,200,Morgana,Support,4,9,6,591,3070,12,False,460
189,2022-04-13 22:28:01,1414,100,Zyra,Support,0,3,4,435,949,5,True,475
190,2022-04-13 23:37:37,1572,200,Zyra,Support,3,6,8,518,190,4,False,460
191,2022-04-14 00:09:10,2661,200,Nami,Support,0,23,10,391,18376,7,True,475
192,2022-04-14 01:50:34,1641,100,Seraphine,Support,7,12,6,497,8116,15,True,490
193,2022-04-14 01:02:33,2052,100,Nami,Support,2,28,5,636,17735,15,True,505
194,2022-04-14 11:46:48,1621,200,Seraphine,Support,0,6,5,418,4252,10,False,490
195,2022-04-14 10:42:15,1284,100,Zyra,Support,1,5,5,497,819,1,False,475
196,2022-04-14 11:09:57,1708,200,Morgana,Support,6,14,5,594,2386,6,True,490
197,2022-04-14 13:38:42,1563,100,Senna,Support,6,18,5,413,8787,0,True,505
198,2022-04-14 12:54:10,2335,200,Zyra,Support,2,12,10,475,847,9,True,520
199,2022-04-14 14:10:10,1764,200,Nami,Support,3,11,6,648,9922,5,False,505
200,2022-04-14 15:08:21,1735,100,Morgana,Support,4,12,3,1322,1427,13,False,490
201,2022-04-14 16:16:38,1225,100,Leona,Support,0,4,8,227,595,2,False,475
202,2022-04-14 15:41:47,1770,200,Zyra,Support,8,12,9,590,257,5,False,460
203,2022-04-14 23:45:46,1713,100,Morgana,Support,1,17,6,380,1529,10,True,475
204,2022-04-15 01:29:12,1598,100,Zyra,Support,4,7,8,721,470,5,False,460
205,2022-04-15 00:20:04,1947,200,Seraphine,Support,4,19,2,1378,8987,9,True,475
206,2022-04-15 00:57:50,1517,200,Seraphine,Support,0,12,5,499,2363,6,False,460
207,2022-04-15 16:04:24,2193,100,Morgana,Support,1,9,7,392,3293,16,True,475
208,2022-04-15 15:25:18,2020,100,Zyra,Support,4,10,6,863,481,12,False,460
209,2022-04-15 21:25:01,1912,100,Morgana,Middle,1,9,9,370,2021,13,False,445
210,2022-04-18 13:20:00,1197,100,Lux,Support,3,9,0,0,339,4,True,460
211,2022-04-18 14:41:22,1892,100,Zyra,Support,5,10,5,939,2451,8,False,445
212,2022-04-18 13:50:23,991,200,Morgana,Support,3,5,1,811,1133,7,True,460
213,2022-04-18 14:13:33,1247,200,Seraphine,Support,0,10,4,521,3114,4,True,475
214,2022-04-18 15:18:15,1990,100,Morgana,Support,5,7,4,795,2950,17,False,460
215,2022-04-19 07:26:59,1870,200,Xayah,Bottom,2,6,9,443,2017,5,False,445
216,2022-04-19 08:04:47,2407,100,Morgana,Support,5,19,7,1205,6376,21,True,460
217,2022-04-19 09:40:18,1879,100,Yuumi,Support,4,18,7,496,19477,4,False,445
218,2022-04-19 18:00:24,1380,100,Lulu,Support,0,4,6,287,901,9,False,430
219,2022-04-19 19:06:14,1922,100,Zyra,Support,4,16,7,995,488,3,False,415
220,2022-04-20 11:05:07,1626,100,Soraka,Support,0,4,4,875,20945,3,False,400
221,2022-04-20 09:48:10,1776,100,Seraphine,Support,4,11,5,637,6059,15,False,385
222,2022-04-20 10:36:16,1294,200,Seraphine,Support,1,14,4,646,4600,5,True,400
223,2022-04-21 15:17:03,2664,200,Morgana,Support,4,22,11,536,6523,14,False,385
224,2022-04-21 16:39:17,1635,100,Sona,Support,1,18,5,343,12820,6,True,400
225,2022-04-21 18:59:58,2432,200,Sona,Support,1,24,3,963,25956,16,False,385
226,2022-04-22 11:19:45,1562,200,Xayah,Bottom,7,6,11,473,1188,3,False,361
227,2022-04-22 11:52:16,1355,100,Sona,Support,0,5,5,295,5310,5,False,346
228,2022-04-22 12:20:18,1530,100,Zyra,Support,6,10,4,735,1258,7,True,361
229,2022-04-22 15:46:51,1695,100,Zyra,Jungle,3,15,8,423,1420,9,True,376
230,2022-04-22 16:20:48,1299,100,Zyra,Support,5,6,3,745,1171,6,True,391
231,2022-04-22 17:16:13,1497,200,Janna,Support,1,11,5,495,5203,5,True,406
232,2022-04-22 16:48:45,1317,100,Janna,Support,1,19,2,282,3953,6,True,421
233,2022-04-22 17:46:26,1663,200,Morgana,Jungle,4,13,7,327,2018,5,False,406
234,2022-04-22 18:27:01,1892,100,Seraphine,Support,2,16,8,399,5221,11,True,421
235,2022-04-22 22:59:37,1142,200,Lux,Support,6,16,3,406,1009,2,True,436
236,2022-04-22 22:20:56,1894,100,Nami,Support,2,22,9,496,13425,8,True,451
237,2022-04-22 23:55:29,1330,100,Zyra,Support,3,14,4,430,1342,5,True,466
238,2022-04-22 23:24:52,1522,200,Lux,Support,6,12,5,427,1899,8,True,481
239,2022-04-24 22:02:11,2099,200,Morgana,Support,11,27,8,469,5384,11,False,466
240,2022-04-24 22:45:37,1735,100,Lulu,Support,0,16,6,803,2366,10,False,451
241,2022-04-25 10:35:17,1351,100,Lulu,Support,0,7,2,649,1980,4,True,466
242,2022-04-25 11:02:44,1558,200,Sona,Support,2,19,1,1455,12533,4,True,481
243,2022-04-25 11:37:34,1807,100,Seraphine,Support,2,15,4,497,9781,10,True,496
244,2022-04-25 12:37:25,2206,100,Senna,Support,10,17,8,572,13645,10,True,511
245,2022-04-25 13:22:53,990,200,Zyra,Support,1,4,1,930,129,3,False,496
246,2022-04-25 13:46:09,2007,200,Morgana,Support,4,12,5,702,4977,5,False,481
247,2022-04-25 14:28:52,1630,200,Seraphine,Support,4,7,9,253,4819,7,False,466
248,2022-04-25 15:55:40,2582,200,Senna,Jungle,9,32,3,963,24353,18,True,481
249,2022-04-25 17:25:21,2354,200,Seraphine,Support,5,23,14,238,14552,9,False,466
250,2022-04-25 22:14:50,1803,200,Senna,Support,9,8,8,411,10708,3,False,451
251,2022-04-25 22:53:20,1993,100,Senna,Support,3,9,8,586,15779,3,False,436
252,2022-04-25 23:35:26,2113,100,Morgana,Support,2,11,10,346,2290,16,False,421
253,2022-05-03 19:27:51,2110,100,Morgana,Support,4,15,6,749,3388,8,False,406
254,2022-05-03 20:36:17,1858,100,Lux,Support,8,14,9,367,1088,7,False,400
255,2022-05-03 23:36:31,969,100,Morgana,Support,2,6,2,269,801,3,True,415
256,2022-05-03 23:59:07,1362,100,Janna,Support,3,12,3,653,3175,2,False,400
257,2022-05-04 00:26:07,1950,100,Zyra,Support,2,5,10,433,330,6,False,385
258,2022-05-04 01:04:41,1833,200,Xayah,Bottom,3,4,13,218,1013,6,False,361
259,2022-05-04 01:41:24,1763,100,Janna,Support,3,17,3,388,5903,13,True,376
260,2022-05-04 02:18:50,987,200,Seraphine,Support,3,6,1,866,686,2,True,391
261,2022-05-04 02:40:04,1537,100,Zyra,Support,3,6,11,170,407,7,False,376
262,2022-05-04 12:43:48,1892,100,Sona,Support,3,16,8,405,23602,8,True,391
263,2022-05-04 12:06:23,1591,200,Janna,Support,2,10,9,431,3656,8,False,376
264,2022-05-04 13:59:04,2026,100,Morgana,Support,4,19,5,849,4327,11,True,391
265,2022-05-04 13:27:13,1453,200,Seraphine,Support,1,20,1,532,11376,8,True,406
266,2022-05-04 14:44:06,693,100,Senna,Support,2,5,1,401,3421,0,True,421
267,2022-05-04 15:30:39,1741,200,Morgana,Support,3,19,3,717,4699,10,True,436
268,2022-05-04 15:01:31,1382,100,Seraphine,Support,2,21,2,904,11663,3,True,451
269,2022-05-04 16:19:43,1066,200,Janna,Support,1,11,1,398,3018,2,True,466
270,2022-05-04 16:43:13,1961,200,Janna,Support,0,18,6,517,12666,7,True,481
271,2022-05-04 22:36:12,2411,200,Xerath,Support,2,7,11,724,3243,7,False,466
272,2022-05-04 23:55:54,1690,200,Senna,Support,14,19,7,378,15464,6,True,481
273,2022-05-04 23:27:34,1356,200,Senna,Support,8,17,4,418,16524,4,True,496
274,2022-05-05 01:05:43,2181,200,Seraphine,Support,1,22,9,586,7475,8,True,511
275,2022-05-05 00:34:12,1465,200,Sona,Support,1,23,4,638,15148,8,True,526
276,2022-05-05 02:27:59,2140,200,Morgana,Support,5,18,9,592,6093,13,False,511
277,2022-05-05 14:13:22,1610,100,Morgana,Support,3,10,4,747,2670,5,True,526
278,2022-05-05 16:35:07,2206,100,Morgana,Support,6,11,12,351,1868,11,False,511
279,2022-05-05 21:28:45,1616,200,Senna,Support,7,10,5,431,8766,3,True,526
280,2022-05-05 22:08:37,1770,200,Senna,Support,3,10,7,556,8932,7,True,541
281,2022-05-05 22:48:16,1815,200,Senna,Support,8,13,9,359,12689,9,True,556
282,2022-05-05 23:24:08,1474,100,Senna,Support,3,18,4,586,12609,7,True,571
283,2022-05-05 23:58:24,1835,100,Senna,Support,4,14,4,711,11897,7,True,586
284,2022-05-06 00:37:25,2461,200,Janna,Support,0,22,6,536,12423,29,False,571
285,2022-05-06 02:26:01,1986,100,Morgana,Support,2,12,6,645,4038,17,True,586
286,2022-05-06 03:45:14,1676,100,Sona,Support,3,17,6,466,18585,8,True,601
287,2022-05-06 04:22:01,1628,200,Xayah,Bottom,1,6,10,222,1229,1,False,586
288,2022-05-06 01:51:27,1750,200,Senna,Support,2,13,8,435,6086,11,False,571
289,2022-05-06 03:05:19,1606,100,Seraphine,Support,1,14,7,376,2213,6,False,556
290,2022-05-06 12:14:47,1751,200,Sona,Support,0,20,9,440,7741,8,False,541
291,2022-05-06 13:27:18,1465,100,Sona,Support,1,14,1,851,12418,4,True,556
292,2022-05-06 12:53:17,1554,100,Sona,Support,1,16,3,1051,15243,3,True,571
293,2022-05-06 13:57:55,1060,200,Senna,Support,6,3,3,515,3158,3,False,556
294,2022-05-06 14:30:05,1760,100,Janna,Support,0,18,2,720,7437,7,True,571
295,2022-05-06 15:08:24,1418,100,Sona,Support,2,12,3,777,13347,4,True,586
296,2022-05-06 15:36:27,2468,200,Sona,Jungle,3,29,7,515,43423,8,True,601
297,2022-05-06 16:25:41,1001,100,Sona,Support,0,3,5,272,3268,2,False,586
298,2022-05-06 17:47:22,1707,100,Sona,Support,3,15,5,764,14134,7,True,601
299,2022-05-06 20:00:06,1688,200,Nautilus,Support,4,22,5,462,2066,6,True,616
300,2022-05-06 20:33:05,1775,200,Seraphine,Support,2,10,8,478,2564,9,True,631
301,2022-05-06 21:06:54,1738,100,Sona,Support,0,12,3,679,13359,8,True,646
302,2022-05-06 21:47:30,1940,100,Seraphine,Support,0,13,8,621,7317,7,False,631
303,2022-05-06 23:44:34,1675,200,Sona,Support,0,12,8,592,11991,4,False,616
304,2022-05-07 00:18:48,2088,200,Xayah,Bottom,7,18,8,222,4859,3,True,631
305,2022-05-07 12:57:25,2078,100,Nautilus,Support,5,28,9,419,915,5,True,646
306,2022-05-07 13:45:08,1601,200,Nautilus,Support,1,11,14,172,0,4,False,631
307,2022-05-08 02:42:43,952,100,Sona,Support,0,10,0,0,5598,4,True,646
308,2022-05-08 03:07:11,1863,100,Sona,Support,1,24,4,715,24300,8,False,631
309,2022-05-08 19:20:54,1736,200,Nautilus,Support,2,15,10,461,681,4,False,616
310,2022-05-08 20:22:09,2143,100,Sona,Support,1,24,8,415,24125,6,True,631
311,2022-05-08 21:02:55,1114,200,Nautilus,Support,2,1,4,730,172,2,False,616
312,2022-05-09 15:39:42,1606,100,Senna,Support,2,16,2,1146,9942,5,True,631
313,2022-05-09 17:02:57,1457,200,Morgana,Support,0,13,7,413,1767,1,True,646
314,2022-05-09 16:14:50,1845,200,Sona,Support,1,15,7,629,13607,2,False,631
315,2022-05-09 17:35:07,1887,100,Sona,Support,6,22,6,369,32130,9,True,646
316,2022-05-09 18:55:36,2050,200,Senna,Support,4,20,11,509,11531,15,False,631
317,2022-05-09 19:35:32,1871,200,Janna,Support,0,15,9,470,4229,19,False,616
318,2022-05-09 22:03:51,1224,100,Senna,Support,6,10,2,459,6767,2,True,631
319,2022-05-09 23:06:21,2626,100,Senna,Support,10,18,10,753,18337,17,True,646
320,2022-05-09 22:31:40,1407,200,Lux,Support,5,5,9,436,280,3,False,631
321,2022-05-09 23:56:39,2150,200,Sona,Support,2,14,13,435,19165,6,False,616
322,2022-05-10 00:40:09,1737,100,Senna,Support,2,16,9,267,10526,5,True,631
323,2022-05-10 01:22:32,1982,200,Senna,Support,4,15,10,440,11358,9,True,646
324,2022-05-10 12:37:02,1752,200,Senna,Support,0,10,6,663,5404,8,False,631
325,2022-05-10 13:13:03,1605,100,Senna,Support,3,9,6,392,7886,2,False,616
326,2022-05-10 15:37:23,1646,200,Senna,Support,3,15,8,351,12762,6,False,601
327,2022-05-10 16:12:01,1830,100,Morgana,Support,5,10,6,682,3011,13,False,586
328,2022-05-10 18:58:24,1349,200,Nautilus,Support,0,5,6,640,480,6,False,571
329,2022-05-10 19:26:08,2215,200,Seraphine,Support,4,19,9,872,16552,7,True,586
330,2022-05-10 20:39:59,1800,200,Renata,Support,0,5,3,622,0,8,False,571
331,2022-05-10 21:15:42,1642,100,Renata,Support,1,16,1,894,214,12,True,586
332,2022-05-10 23:51:15,1929,200,Renata,Support,2,9,8,399,2349,6,True,601
333,2022-05-11 00:28:37,1565,100,Renata,Support,1,19,3,934,725,1,True,616
334,2022-05-11 01:01:32,2032,100,Senna,Support,17,20,7,412,23530,15,True,631
335,2022-05-11 10:16:32,1697,100,Renata,Support,0,7,8,657,78,6,False,616
336,2022-05-11 10:51:35,2017,100,Seraphine,Support,2,16,4,814,7156,12,True,631
337,2022-05-11 12:07:25,1561,100,Renata,Support,0,17,0,0,2679,6,True,646
338,2022-05-11 11:34:17,1731,100,Seraphine,Support,2,16,2,1051,7069,9,True,661
339,2022-05-11 12:40:12,1428,200,Morgana,Support,6,6,5,558,3038,3,True,676
340,2022-05-11 13:22:09,1411,200,Sona,Support,2,14,1,1229,9672,5,True,691
341,2022-05-11 13:52:02,1361,200,Sona,Support,3,14,0,0,14165,3,True,706
342,2022-05-11 14:44:57,1849,100,Sona,Support,5,20,8,527,18391,14,True,721
343,2022-05-11 14:20:30,1100,200,Sona,Support,2,13,0,0,7302,1,True,736
344,2022-05-11 15:20:16,1238,200,Sona,Support,1,15,3,429,10487,6,True,751
345,2022-05-11 15:49:25,1214,100,Sona,Support,1,19,5,364,12700,4,True,766
346,2022-05-11 16:15:24,1436,100,Sona,Support,2,7,7,386,6735,4,False,751
347,2022-05-11 17:09:21,1532,200,Yuumi,Support,2,10,4,824,10450,0,False,736
348,2022-05-11 17:53:36,1781,200,Seraphine,Support,0,20,4,882,12390,7,True,751
349,2022-05-11 18:27:51,2054,200,Sona,Support,2,25,7,593,19350,13,True,766
350,2022-05-11 19:08:19,1346,100,Sona,Support,1,18,4,586,12870,6,True,781
351,2022-05-11 20:03:01,1888,100,Renata,Support,2,12,5,995,649,6,False,766
352,2022-05-11 20:39:09,1667,100,Senna,Support,1,9,8,424,9340,11,False,751
353,2022-05-11 21:49:14,2263,100,Sona,Support,17,3,5,811,13015,3,True,766
354,2022-05-11 21:18:01,1550,100,Sona,Support,3,9,6,615,9430,8,False,751
355,2022-05-12 09:40:20,1930,200,Sona,Support,1,17,5,584,15002,5,True,766
356,2022-05-12 11:21:29,1622,100,Senna,Jungle,4,13,6,515,11101,12,False,751
357,2022-05-12 11:56:56,1702,100,Thresh,Support,2,15,7,545,86,9,True,766
358,2022-05-12 12:30:59,927,100,Renata,Support,0,3,3,371,0,1,True,781
359,2022-05-12 12:52:46,1702,200,Senna,Support,3,12,4,602,6428,21,False,766
360,2022-05-12 13:31:00,1541,100,Annie,Middle,7,7,7,408,689,0,False,751
361,2022-05-12 14:41:05,1445,200,Anivia,Middle,5,3,5,937,333,1,False,736
362,2022-05-12 14:03:09,1990,100,Senna,Support,5,15,3,1065,9510,26,True,751
363,2022-05-12 15:10:50,1211,200,Sona,Support,1,10,2,592,9459,3,True,766
364,2022-05-12 15:35:38,1778,200,Sona,Support,1,14,7,491,11378,6,False,751
365,2022-05-12 16:35:58,1326,200,Sona,Support,1,12,4,393,12870,6,True,766
366,2022-05-12 17:10:10,1900,100,Sona,Support,1,11,7,582,16317,4,False,751
367,2022-05-12 21:20:58,2129,100,Sona,Support,3,31,7,459,24088,8,True,766
368,2022-05-12 22:04:40,2279,100,Sona,Support,3,24,6,661,35928,2,False,751
369,2022-05-12 22:48:14,1827,200,Sona,Jungle,1,21,4,619,20071,5,False,736
370,2022-05-12 23:29:25,1304,200,Sona,Support,2,11,3,695,6575,3,True,751
371,2022-05-13 00:00:28,1322,100,Sona,Support,0,5,6,570,5287,2,False,736
372,2022-05-13 01:36:26,2166,200,Sona,Support,2,18,4,1031,30879,9,True,751
373,2022-05-13 00:29:59,1680,100,Sona,Support,3,19,1,426,25735,3,True,766
374,2022-05-13 01:04:26,1562,200,Sona,Support,0,2,3,596,12056,7,False,751
375,2022-05-13 02:22:34,1549,200,Sona,Support,1,22,5,460,12628,5,True,766
376,2022-05-13 11:19:30,1390,200,Sona,Support,0,3,6,643,7073,4,False,751
377,2022-05-13 11:47:50,1623,200,Sona,Support,0,7,3,721,17767,4,False,736
378,2022-05-13 12:50:30,2347,200,Sona,Support,1,25,6,799,33810,12,True,751
379,2022-05-13 12:21:26,1394,100,Sona,Support,0,10,3,597,9036,4,False,736
380,2022-05-13 13:41:01,1514,100,Sona,Support,1,15,6,422,8491,0,False,721
381,2022-05-13 14:12:09,1808,200,Sona,Support,3,20,3,441,21316,5,True,736
382,2022-05-13 15:26:41,1635,200,Senna,Support,2,11,6,642,10102,18,True,751
383,2022-05-13 14:49:04,1893,100,Sona,Support,2,9,4,281,11116,12,False,736
384,2022-05-13 16:45:01,1586,200,Renata,Support,0,9,4,1166,0,4,False,721
385,2022-05-13 17:16:01,1367,100,Senna,Support,3,7,5,285,8805,6,False,706
386,2022-05-13 17:44:24,1899,100,Senna,Support,4,17,6,632,15232,16,True,721
387,2022-05-13 18:22:34,1004,200,Senna,Support,1,2,6,431,3338,2,False,706
388,2022-05-13 19:13:15,1953,100,Senna,Support,1,20,9,364,13162,14,False,691
389,2022-05-13 18:47:23,1107,100,Senna,Support,2,8,3,627,5544,8,True,706
390,2022-05-13 19:52:32,2634,200,Senna,Support,4,19,7,725,26028,38,True,721
391,2022-05-13 20:44:21,2133,200,Senna,Support,5,8,9,598,11992,21,False,706
392,2022-05-13 21:26:14,1716,200,Senna,Support,1,13,8,419,12023,8,False,691
393,2022-05-14 00:56:05,1484,100,Senna,Support,1,13,6,328,8829,14,True,706
394,2022-05-14 00:18:33,1643,100,Senna,Support,3,16,4,555,12595,19,True,721
395,2022-05-14 01:32:56,1572,100,Senna,Support,3,5,8,255,5979,13,False,706
396,2022-05-14 02:36:37,1270,100,Seraphine,Support,5,14,3,671,4093,4,True,721
397,2022-05-14 02:03:52,1719,200,Senna,Support,1,4,4,536,10040,14,False,706
398,2022-05-14 03:03:24,1747,200,Sona,Support,1,17,3,571,22418,9,True,721
399,2022-05-15 01:26:04,963,200,Sona,Support,0,1,4,289,958,1,False,706
400,2022-05-15 11:42:54,2226,100,Senna,Support,5,19,10,428,11267,23,False,691
401,2022-05-15 12:49:56,1417,100,Sona,Support,0,7,6,457,9835,3,False,676
402,2022-05-15 14:49:46,1676,100,Senna,Support,2,20,4,624,9132,15,True,691
403,2022-05-15 15:24:14,1334,200,Senna,Support,8,6,4,410,8996,17,True,706
404,2022-05-15 15:53:52,1561,200,Senna,Support,10,14,3,613,11022,17,True,721
405,2022-05-16 15:33:43,1958,200,Senna,Support,6,21,7,573,12036,22,True,736
406,2022-05-16 16:13:07,1180,200,Morgana,Support,3,8,1,741,699,6,True,751
407,2022-05-16 17:12:32,2384,100,Sona,Support,1,25,6,550,34936,15,False,736
408,2022-05-16 16:43:31,1167,100,Senna,Support,6,10,0,0,6381,2,True,751
409,2022-05-16 18:13:40,1270,200,Renata,Support,4,17,4,474,647,2,True,766
410,2022-05-16 18:45:07,1805,200,Senna,Jungle,1,19,5,467,7827,26,True,781
411,2022-05-16 19:29:57,2062,200,Sona,Support,2,17,7,696,14977,7,False,766
412,2022-05-16 20:13:03,1845,100,Renata,Support,1,10,6,541,495,8,True,781
413,2022-05-16 20:54:11,1865,100,Morgana,Support,1,11,5,670,1672,12,False,766
414,2022-05-17 16:22:21,728,100,Senna,Support,1,3,1,671,2395,2,True,781
415,2022-05-17 16:39:45,1996,200,Senna,Support,3,18,13,485,13149,19,False,766
416,2022-05-18 12:55:16,1917,200,Senna,Support,6,19,3,557,14712,34,True,781
417,2022-05-18 13:37:03,1675,200,Senna,Support,3,20,3,777,11648,12,True,796
418,2022-05-18 14:10:47,1412,100,Senna,Support,4,21,2,752,13472,15,True,811
419,2022-05-18 15:18:47,928,200,Renata,Support,1,10,1,310,252,2,True,826
420,2022-05-18 15:39:57,2230,200,Morgana,Support,4,25,8,440,6667,18,True,841
421,2022-05-18 14:40:02,1932,200,Seraphine,Support,5,18,7,704,10760,17,False,826
422,2022-05-18 16:22:47,1622,200,Sona,Support,2,11,4,763,10707,5,False,811
423,2022-05-18 17:11:15,1678,200,Morgana,Support,3,22,5,792,7027,9,True,826
424,2022-05-23 23:36:40,1391,100,Renata,Support,2,11,3,794,389,6,True,841
425,2022-05-25 14:34:11,2182,100,Morgana,Support,2,16,8,538,3644,17,False,826
426,2022-05-26 00:25:55,1686,100,Renata,Support,5,24,4,747,1983,7,True,841
427,2022-05-26 01:37:44,1990,100,Renata,Support,2,14,6,587,508,8,False,826
428,2022-05-26 00:59:35,1934,100,Renata,Support,1,19,5,1178,2358,6,True,841
429,2022-05-27 14:01:13,1657,100,Sona,Support,0,14,2,643,20069,5,True,856
430,2022-05-27 13:30:36,1086,100,Renata,Support,2,9,2,631,0,0,True,871
431,2022-05-28 21:43:05,2299,100,Morgana,Support,5,26,7,489,5224,9,True,886
432,2022-05-29 17:25:53,1757,200,Renata,Support,0,5,5,467,517,15,False,871
433,2022-05-30 12:11:58,1118,100,Renata,Support,0,1,3,488,117,3,False,856
434,2022-05-31 00:54:14,1368,200,Janna,Support,1,10,0,0,2405,6,True,871
435,2022-05-31 00:15:18,1919,100,Senna,Support,3,6,6,378,8053,13,False,856
436,2022-05-31 01:23:12,1400,200,Seraphine,Support,1,8,8,368,957,2,False,841
437,2022-05-31 01:57:56,1919,100,Sivir,Bottom,9,9,10,545,1649,3,False,826
438,2022-05-31 11:03:43,1297,200,Xayah,Bottom,1,4,7,414,614,4,False,811
439,2022-05-31 11:31:26,2056,200,Senna,Support,1,11,7,734,11252,24,False,800
440,2022-05-31 12:53:22,1221,200,Senna,Support,5,8,1,311,7333,14,True,815
441,2022-05-31 12:17:10,1880,100,Renata,Support,3,23,5,752,687,16,True,830
442,2022-05-31 13:26:11,1455,200,Renata,Support,0,4,4,616,733,11,False,815
443,2022-05-31 14:00:06,1660,200,Renata,Support,3,6,6,619,180,10,False,800
444,2022-05-31 15:04:41,1399,100,Senna,Support,2,1,6,773,3637,12,False,785
445,2022-05-31 15:33:49,1929,100,Renata,Support,2,17,9,1035,1415,8,False,766
446,2022-05-31 17:00:02,2044,200,Senna,Support,3,7,5,853,6759,29,False,751
447,2022-05-31 16:17:42,1901,100,Senna,Support,6,8,11,547,6152,35,False,736
448,2022-06-01 09:47:41,1236,100,Senna,Support,4,5,1,709,5085,10,True,751
449,2022-06-01 10:16:39,2445,100,Sona,Support,1,34,7,704,21137,7,True,766
450,2022-06-02 01:10:46,1394,100,Senna,Support,1,5,5,338,4108,16,False,751
451,2022-06-02 01:40:55,1457,100,Senna,Support,4,10,2,668,7796,18,True,766
452,2022-06-02 02:10:18,2283,100,Renata,Support,2,15,8,592,4065,11,True,781
453,2022-06-02 22:43:02,1687,200,Morgana,Support,4,10,7,422,2637,4,False,766
454,2022-06-02 23:30:27,1564,100,Renata,Support,2,11,7,423,0,6,False,751
455,2022-06-03 00:03:24,1780,200,Janna,Support,1,21,2,262,15890,15,True,766
456,2022-06-03 00:42:28,1716,100,Senna,Support,0,16,11,393,6207,20,False,751
457,2022-06-03 09:47:53,2028,200,Xerath,Support,1,9,8,564,1018,8,False,736
458,2022-06-03 15:11:56,1834,100,Senna,Support,0,6,8,327,7228,22,False,721
459,2022-06-03 15:49:17,1715,100,Senna,Support,5,14,3,717,10443,18,True,736
460,2022-06-03 17:31:37,1970,200,Lux,Support,1,13,10,358,477,9,False,721
461,2022-06-06 00:43:50,2066,100,Senna,Support,11,18,4,1176,19888,34,True,736
462,2022-06-06 02:16:50,1513,200,Senna,Support,1,7,6,451,4037,9,True,751
463,2022-06-06 02:47:00,2678,100,Senna,Support,4,22,8,692,16464,47,False,736
464,2022-06-06 01:24:22,1711,200,Renata,Support,0,19,8,356,405,23,True,751
465,2022-06-06 14:25:52,2278,200,Renata,Support,1,20,12,361,936,7,False,736
466,2022-06-06 18:11:08,1684,200,Zilean,Support,1,21,3,1012,5045,12,True,751
467,2022-06-06 20:49:58,2237,200,Zilean,Support,2,31,8,436,5180,10,True,766
468,2022-06-06 22:07:40,2373,200,Senna,Support,13,24,6,960,20187,29,False,751
469,2022-06-07 12:04:13,1362,200,Senna,Support,1,3,7,263,3331,13,False,736
470,2022-06-07 12:32:58,1813,200,Renata,Support,0,11,11,319,1046,7,False,721
471,2022-06-08 01:13:01,1440,200,Senna,Support,1,2,8,354,3121,9,False,706
472,2022-06-09 00:55:47,1109,200,Zilean,Support,0,0,5,376,1298,4,False,691
473,2022-06-10 01:14:47,1993,200,Seraphine,Support,2,18,8,880,6381,8,True,706
474,2022-06-10 01:54:08,2106,100,Seraphine,Support,2,16,9,506,5123,9,False,691
475,2022-06-10 03:58:15,1958,200,Senna,Support,0,5,6,898,5885,19,False,676
476,2022-06-10 02:36:36,1796,200,Janna,Support,1,16,6,587,10428,6,True,691
477,2022-06-10 03:12:59,2069,100,Renata,Support,2,16,12,470,925,11,True,706
478,2022-06-10 12:57:36,1713,100,Seraphine,Support,2,20,4,837,4043,4,True,721
479,2022-06-10 15:24:53,2016,100,Seraphine,Support,3,19,3,769,4964,13,True,736
480,2022-06-10 14:44:18,1461,200,Renata,Support,1,3,7,311,0,6,False,721
481,2022-06-10 16:41:41,2023,100,Renata,Support,2,19,5,1096,1987,10,False,706
482,2022-06-10 17:23:30,2141,200,Renata,Jungle,4,28,13,323,371,12,True,721
483,2022-06-11 01:24:10,1193,100,Janna,Support,1,1,3,929,911,3,False,706
484,2022-06-11 14:21:08,1258,200,Renata,Support,0,2,6,486,0,8,False,691
485,2022-06-11 14:48:13,1681,200,Zilean,Support,1,12,3,1021,4839,5,True,706
486,2022-06-11 15:28:07,1709,200,Senna,Support,5,20,4,819,7296,11,True,721
487,2022-06-11 16:02:59,1224,200,Zilean,Support,0,9,2,426,1644,3,True,736
488,2022-06-17 01:22:50,1958,200,Zilean,Support,6,8,6,662,6409,9,False,721
489,2022-06-21 14:54:08,1234,200,Soraka,Support,0,7,0,0,11716,7,True,736
490,2022-06-21 15:23:15,2208,100,Senna,Support,4,20,3,1058,21599,23,True,751
491,2022-06-21 20:38:23,2172,200,Senna,Support,6,16,7,825,15102,26,True,766
492,2022-06-21 20:03:03,1461,100,Renata,Support,2,15,2,991,449,6,True,781
493,2022-06-22 14:20:24,1765,200,Senna,Support,6,23,6,461,13097,16,True,796
494,2022-06-22 14:56:46,1706,100,Zyra,Support,1,8,5,523,804,5,False,781
495,2022-06-22 21:46:30,1554,200,Soraka,Support,1,20,5,510,15949,6,True,796
496,2022-06-23 12:18:45,2139,200,Senna,Support,3,14,7,595,12549,24,False,781
497,2022-06-23 11:47:25,1336,100,Seraphine,Support,2,8,3,526,1957,9,True,796
498,2022-06-23 16:20:22,1646,200,Seraphine,Support,0,7,9,635,3124,11,False,781
499,2022-06-23 17:03:13,1284,200,Senna,Support,2,9,1,907,4222,5,True,796
500,2022-06-23 17:51:28,2011,100,Seraphine,Support,1,24,9,355,1256,12,True,811
501,2022-06-23 18:37:58,1572,100,Senna,Support,5,22,5,524,10310,16,True,826
502,2022-06-23 19:17:05,1541,100,Lux,Support,3,14,6,472,377,11,True,841
503,2022-06-23 19:52:29,1962,200,Senna,Support,7,15,8,619,10439,24,True,856
504,2022-06-23 22:46:59,1945,100,Senna,Support,3,15,4,881,14276,22,True,871
505,2022-06-24 00:05:27,2019,200,Renata,Support,2,28,1,1601,2689,17,True,886
506,2022-06-23 23:30:24,1483,200,Seraphine,Bottom,2,9,6,420,1954,1,True,901
507,2022-06-24 02:29:27,1443,200,Senna,Support,2,11,1,433,8687,11,True,916
508,2022-06-24 01:55:11,1346,100,Janna,Support,2,12,2,301,3809,4,True,931
509,2022-06-24 10:46:04,2082,200,Morgana,Support,3,9,6,520,844,7,True,946
510,2022-06-24 11:32:05,1493,100,Renata,Support,0,14,3,598,826,8,True,961
511,2022-06-24 12:12:17,2024,100,Senna,Support,10,19,2,1209,19352,32,True,976
512,2022-06-24 15:15:56,1947,200,Senna,Support,10,8,7,484,16951,15,False,961
513,2022-06-24 14:33:42,1476,100,Seraphine,Support,0,11,7,474,1844,6,False,946
514,2022-06-24 16:34:29,1601,100,Sona,Support,2,20,0,0,20687,6,True,961
515,2022-06-24 17:58:33,1557,100,Soraka,Support,2,18,2,613,24768,5,True,976
516,2022-06-24 18:39:05,2310,200,Morgana,Support,1,19,11,277,2730,10,False,961
517,2022-06-24 20:03:24,1551,200,Senna,Support,1,7,10,286,6881,8,False,946
518,2022-06-24 19:29:45,1583,100,Janna,Support,1,17,7,775,4115,12,False,931
519,2022-06-25 02:11:00,1205,200,Senna,Support,1,6,9,216,1839,6,False,916
520,2022-06-25 02:37:59,2190,200,Senna,Support,2,20,9,463,8351,20,False,901
521,2022-06-27 09:38:12,1362,200,Janna,Support,1,23,4,518,7168,3,True,916
522,2022-06-27 14:35:44,1262,100,Seraphine,Support,2,12,3,359,5404,6,True,931
523,2022-06-27 15:09:16,1966,200,Seraphine,Support,1,8,4,869,5875,19,False,916
524,2022-06-27 15:53:33,1446,200,Seraphine,Support,0,5,8,386,1414,3,False,901
525,2022-06-27 16:23:58,1402,200,Morgana,Support,4,11,2,715,2657,6,True,916
526,2022-06-28 23:57:20,1113,100,Seraphine,Support,5,14,1,957,1941,6,True,931
527,2022-06-29 00:34:36,1571,200,Senna,Support,2,21,8,368,9566,8,True,946
528,2022-06-29 02:13:53,1709,100,Sona,Support,1,17,1,778,21790,10,True,961
529,2022-06-29 01:22:53,1121,200,Renata,Support,2,8,0,1116,628,2,True,976
530,2022-06-29 11:28:16,1913,200,Janna,Support,0,11,2,1469,12090,8,True,991
531,2022-06-29 13:27:34,1296,200,Senna,Support,2,14,2,315,6837,9,True,1006
532,2022-06-29 12:37:27,1564,200,Renata,Support,2,6,6,731,123,4,False,991
533,2022-06-29 14:13:22,1531,200,Sona,Support,1,24,4,179,11769,5,True,1006
534,2022-06-29 14:55:41,1407,100,Seraphine,Support,4,14,2,816,6451,8,True,1021
535,2022-06-29 15:35:00,1271,200,Janna,Support,3,13,0,0,3984,9,True,1036
536,2022-06-29 22:02:28,942,100,Janna,Support,0,0,3,142,152,3,False,1021
537,2022-06-29 23:23:09,1169,200,Sona,Support,2,8,7,277,8043,2,False,1006
538,2022-06-29 22:53:58,1093,200,Senna,Support,2,9,2,515,7013,12,True,1021
539,2022-06-30 00:56:41,1161,100,Sona,Support,0,1,3,582,4567,2,False,1006
540,2022-06-30 00:19:23,1600,100,Sona,Support,1,11,2,604,13984,10,True,1021
541,2022-06-30 19:25:44,1230,200,Renata,Support,2,14,3,441,0,2,True,1036
542,2022-06-30 19:52:56,1329,200,Janna,Support,1,16,1,924,3480,6,True,1051
543,2022-07-01 00:38:19,2154,200,Renata,Support,1,18,4,1512,3437,15,False,1036
544,2022-07-01 01:50:55,1505,100,Renata,Support,1,22,6,527,2002,3,True,1051
545,2022-07-01 02:25:33,1705,200,Renata,Support,1,11,12,379,105,3,False,1036
546,2022-07-01 02:59:28,1695,100,Seraphine,Support,0,14,7,655,2640,8,True,1051
547,2022-07-01 03:32:59,1153,200,Senna,Support,0,13,3,318,4969,2,True,1066
548,2022-07-01 18:14:28,1301,100,Seraphine,Support,0,6,1,286,3505,4,True,1081
549,2022-07-01 18:46:17,1366,100,Renata,Support,0,16,1,459,2091,10,True,1096
550,2022-07-01 19:51:44,1682,200,Seraphine,Support,0,14,8,399,3198,6,False,1081
551,2022-07-01 19:19:31,1541,100,Renata,Support,0,13,7,430,559,5,False,1066
552,2022-07-02 00:40:13,1857,100,Renata,Support,2,32,8,312,2435,15,True,1081
553,2022-07-02 01:22:40,1245,200,Sona,Support,0,9,2,387,10740,7,True,1096
554,2022-07-02 01:56:20,1420,200,Senna,Support,3,15,6,403,7160,18,True,1111
555,2022-07-05 21:26:21,1315,100,Senna,Bottom,0,6,6,390,5520,1,False,1096
556,2022-07-05 20:49:05,1754,200,Renata,Support,0,5,6,686,2241,19,False,1081
557,2022-07-05 21:59:46,1256,200,Senna,Support,2,4,5,622,6829,11,False,1066
558,2022-07-07 23:05:50,1318,200,Janna,Support,2,9,2,515,3686,11,True,1081
559,2022-07-07 23:35:01,1237,200,Sona,Support,1,11,6,381,6964,8,True,1096
560,2022-07-08 00:12:56,1382,200,Senna,Support,2,8,5,367,6820,13,True,1111
561,2022-07-08 11:38:21,1568,200,Seraphine,Support,2,10,6,805,2363,7,False,1096
562,2022-07-08 12:12:22,2058,200,Lulu,Support,2,21,6,807,5026,5,False,1081
563,2022-07-08 15:18:59,1685,100,Senna,Support,2,23,5,669,13054,16,True,1096
564,2022-07-08 16:33:20,1976,200,Senna,Support,3,26,10,359,14813,30,True,1111
565,2022-07-08 17:13:03,1751,100,Renata,Support,0,20,7,638,701,8,True,1126
566,2022-07-08 17:46:36,1224,100,Soraka,Support,6,18,1,700,20823,4,True,1141
567,2022-07-08 18:17:05,2028,200,Janna,Support,1,14,9,569,11103,10,False,1126
568,2022-07-08 20:46:48,2367,100,Soraka,Support,0,22,8,450,42190,14,True,1141
569,2022-07-08 21:33:27,1738,100,Senna,Support,0,24,8,553,11993,12,True,1156
570,2022-07-08 22:09:10,2053,100,Renata,Support,1,22,9,489,913,17,True,1171
571,2022-07-09 01:14:34,2083,200,Janna,Support,2,19,8,343,8683,9,True,1186
572,2022-07-09 02:32:23,1215,100,Seraphine,Support,1,9,2,700,6403,4,True,1201
573,2022-07-09 03:05:02,1472,200,Senna,Support,0,6,8,333,5054,6,False,1200
574,2022-07-09 01:57:13,1420,200,Seraphine,Support,0,8,2,914,2915,7,False,1185
575,2022-07-09 12:15:57,2079,100,Seraphine,Support,5,30,4,1354,8692,8,True,1200
576,2022-07-09 12:59:24,2046,100,Soraka,Support,0,5,8,562,23045,7,False,1185
577,2022-07-09 15:40:23,1896,200,Seraphine,Support,3,9,5,891,14118,10,False,1156
578,2022-07-10 20:56:40,2056,100,Renata,Support,1,20,12,333,75,6,True,1171
579,2022-07-11 12:12:59,1473,200,Renata,Support,0,15,3,668,983,6,True,1186
580,2022-07-11 12:44:32,1332,100,Seraphine,Support,0,5,5,339,1806,9,False,1171
581,2022-07-11 15:26:42,1708,100,Janna,Support,1,10,5,595,8158,15,False,1156
582,2022-07-11 16:40:07,1265,100,Morgana,Middle,1,4,4,594,1277,2,False,1141
583,2022-07-11 16:04:27,1810,200,Seraphine,Support,5,25,3,577,18154,14,True,1156
584,2022-07-11 17:52:32,1692,100,Seraphine,Support,0,16,3,683,4800,5,True,1171
585,2022-07-11 18:26:55,2427,100,Seraphine,Support,1,22,9,496,11333,14,False,1156
586,2022-07-11 22:15:36,1501,100,Senna,Support,1,5,6,540,9334,8,False,1141
587,2022-07-11 22:49:43,1178,100,Sona,Support,0,2,5,314,4599,8,False,1126
588,2022-07-11 23:18:08,1504,200,Seraphine,Support,5,8,6,575,5342,9,False,1111
589,2022-07-11 23:58:40,1810,100,Renata,Support,5,16,4,721,1411,9,True,1126
590,2022-07-12 01:38:54,2013,200,Seraphine,Support,0,12,11,361,12864,10,False,1111
591,2022-07-12 01:07:14,1527,100,Senna,Support,1,15,5,225,12540,18,True,1126
592,2022-07-12 00:38:11,1340,200,Senna,Support,2,17,8,346,5692,13,True,1141
593,2022-07-12 15:54:56,1196,100,Janna,Support,2,2,2,184,1361,6,False,1126
594,2022-07-12 18:12:41,1538,200,Renata,Support,3,7,8,341,230,6,False,1111
595,2022-07-12 18:47:44,860,200,Seraphine,Support,0,8,0,0,1394,3,True,1126
596,2022-07-13 00:52:44,823,100,Seraphine,Support,1,5,0,0,799,1,True,1141
597,2022-07-13 01:14:44,1750,100,Seraphine,Support,1,10,8,502,2873,10,False,1126
598,2022-07-13 17:11:15,765,100,Senna,Support,2,1,7,213,1317,4,False,1111
599,2022-07-13 17:31:19,2059,100,Seraphine,Support,0,12,9,356,4997,22,False,1096
600,2022-07-13 16:35:48,1510,200,Seraphine,Support,2,18,3,461,8437,7,True,1111
601,2022-07-13 22:50:11,1477,100,Seraphine,Support,3,7,4,768,3438,8,False,1096
602,2022-07-13 23:19:43,2011,200,Seraphine,Support,3,10,5,486,8162,13,True,1111
603,2022-07-14 00:38:41,1371,100,Sona,Support,1,17,1,387,11503,2,True,1126
604,2022-07-14 00:12:42,942,200,Senna,Support,4,5,2,774,5324,7,True,1141
605,2022-07-14 01:43:36,1892,200,Renata,Support,2,27,5,622,296,6,True,1156
606,2022-07-14 01:06:45,958,200,Sona,Support,4,10,1,460,4082,0,True,1171
607,2022-07-14 15:54:50,1608,100,Renata,Support,5,9,2,1023,552,5,True,1186
608,2022-07-14 22:17:07,1485,100,Janna,Support,0,9,5,532,6753,5,False,1171
609,2022-07-15 01:50:11,1364,200,Senna,Support,1,15,4,510,7675,13,True,1186
610,2022-07-15 01:15:15,1401,200,Senna,Support,3,14,2,770,11676,7,True,1201
611,2022-07-15 11:54:51,1342,200,Seraphine,Support,2,6,4,803,568,5,False,1200
612,2022-07-15 10:42:22,914,100,Renata,Support,1,3,4,469,809,2,False,1185
613,2022-07-15 11:23:12,1556,200,Sona,Support,2,11,8,500,6712,9,False,1156
614,2022-07-15 14:18:22,1988,200,Seraphine,Support,9,21,7,506,21539,5,True,1171
615,2022-07-15 14:58:05,1525,200,Renata,Support,1,16,5,461,1980,4,True,1186
616,2022-07-15 15:44:53,1631,200,Seraphine,Support,3,12,8,388,6714,8,False,1171
617,2022-07-15 16:24:52,1215,200,Renata,Support,1,8,9,258,168,4,False,1156
618,2022-07-16 00:27:14,1501,100,Renata,Support,1,17,7,454,421,3,True,1171
619,2022-07-16 01:04:54,1721,100,Senna,Support,2,17,8,431,10679,18,True,1186
620,2022-07-16 01:38:56,1218,200,Seraphine,Support,1,17,4,539,3437,3,True,1201
621,2022-07-16 02:04:27,1840,200,Sona,Support,4,15,6,389,18644,11,True,1216
622,2022-07-16 19:12:42,1435,200,Renata,Support,1,17,4,349,1641,7,True,1231
623,2022-07-16 21:08:11,1196,100,Sona,Support,0,1,6,345,3370,7,False,1216
624,2022-07-16 21:38:41,1475,100,Renata,Support,2,8,5,600,0,3,False,1201
625,2022-07-16 22:11:21,2314,200,Seraphine,Support,3,31,10,451,7673,8,False,1200
626,2022-07-18 00:30:42,1907,200,Renata,Support,1,19,9,482,2731,18,False,1185
627,2022-07-17 23:52:32,1660,100,Senna,Support,4,15,5,579,15428,18,True,1200
628,2022-07-18 02:28:18,1565,200,Renata,Support,0,15,6,398,2174,8,True,1215
629,2022-07-18 01:13:46,2376,200,Sona,Support,2,27,8,615,34472,18,True,1230
630,2022-07-20 23:14:06,1235,100,Seraphine,Support,0,5,6,303,2367,4,False,1215
631,2022-07-20 23:40:52,1655,100,Renata,Support,1,10,9,275,1448,9,True,1230
632,2022-07-21 00:16:06,1561,200,Sona,Jungle,4,13,4,767,13668,4,True,1245
633,2022-07-21 01:25:01,1182,100,Sona,Support,0,14,4,549,6950,4,True,1260
634,2022-07-21 00:47:47,1369,200,Senna,Support,11,6,5,351,7289,10,True,1275
635,2022-07-21 22:58:24,1631,200,Sona,Support,2,24,5,555,15644,10,True,1290
636,2022-07-22 10:57:24,1325,100,Senna,Support,2,8,4,583,7843,4,True,1305
637,2022-07-22 11:36:00,1457,100,Morgana,Support,2,5,7,412,1042,10,False,1290
638,2022-07-22 14:06:39,1576,100,Sivir,Bottom,11,8,6,789,2126,5,False,1275
639,2022-07-22 14:40:02,632,200,Renata,Support,0,6,3,370,0,1,True,1290
640,2022-07-22 15:28:53,1836,100,Janna,Support,0,10,4,1176,14332,2,False,1275
641,2022-07-22 14:55:52,1173,100,Senna,Support,6,17,1,708,7432,9,True,1290
642,2022-07-22 23:57:11,1519,100,Renata,Support,2,8,7,462,129,9,False,1275
643,2022-07-23 01:16:29,1596,100,Sivir,Bottom,9,8,3,891,4486,2,True,1290
644,2022-07-23 00:32:09,2220,100,Senna,Support,1,16,13,393,8562,28,False,1275
645,2022-07-24 23:30:38,1762,100,Senna,Support,0,20,2,719,10346,18,True,1290
646,2022-07-25 01:49:02,1730,200,Sona,Support,2,7,4,864,20721,9,False,1275
647,2022-07-25 10:50:29,1567,200,Senna,Support,4,10,3,778,10926,11,False,1260
648,2022-07-25 11:26:38,1507,100,Renata,Support,4,13,1,1192,1143,2,True,1275
649,2022-07-25 15:20:21,1316,200,Renata,Support,2,19,1,1075,1174,3,True,1290
650,2022-07-25 15:50:47,1432,200,Senna,Support,3,4,8,545,6747,4,False,1275
651,2022-07-25 16:21:43,2290,100,Renata,Support,2,19,5,834,2728,17,True,1290
652,2022-07-26 10:56:02,1511,100,Nautilus,Support,2,13,6,434,0,7,True,1305
653,2022-07-26 10:15:22,1965,100,Renata,Support,3,18,8,404,1414,8,False,1290
654,2022-07-26 11:32:18,1318,100,Seraphine,Support,0,11,4,386,1650,6,True,1305
655,2022-07-26 13:50:42,1418,200,Sona,Support,0,4,7,415,7400,3,False,1290
656,2022-07-26 13:12:13,196,200,Senna,Support,0,0,0,0,0,0,False,1275
657,2022-07-26 13:21:48,1409,200,Renata,Support,1,3,6,498,543,6,False,1260
658,2022-07-27 10:07:44.981000,1396,100,Sona,Support,0,3,4,514,3615,8,False,1245
659,2022-07-27 10:37:07.849000,1358,100,Janna,Support,1,4,6,529,851,9,False,1230
660,2022-07-27 11:21:23.091000,2489,200,Renata,Support,3,22,7,370,4353,15,False,1215
661,2022-07-27 12:19:53.926000,1525,200,Seraphine,Support,1,7,8,280,1129,7,False,1200
662,2022-07-27 14:28:43.182000,1514,200,Renata,Support,1,10,5,380,608,8,True,1215
663,2022-07-27 15:55:30.791000,988,100,Senna,Support,1,3,2,472,5293,7,False,1200
664,2022-07-27 16:19:44.196000,1620,100,Senna,Support,2,12,8,725,9043,8,False,1185
665,2022-07-27 17:30:09.456000,1421,100,Senna,Support,0,4,6,607,4241,10,False,1156
666,2022-07-27 17:04:27.038000,1134,200,Senna,Support,0,4,3,548,3140,3,False,1141
667,2022-07-27 19:02:22.718000,1136,200,Senna,Support,1,14,0,1131,8763,7,True,1156
668,2022-07-27 19:26:38.555000,1386,200,Senna,Support,0,0,6,849,3952,7,False,1141
669,2022-07-29 16:14:06.044000,1389,100,Sona,Support,4,18,2,734,15025,6,True,1156
670,2022-07-29 16:43:57.651000,2432,200,Seraphine,Jungle,5,20,6,776,18797,10,True,1171
671,2022-07-29 23:30:05.727000,1718,200,Renata,Support,1,14,7,542,1666,8,True,1186
672,2022-07-30 00:54:08.095000,1439,200,Renata,Support,1,13,4,599,1565,4,True,1201
673,2022-07-30 00:05:11.866000,2405,100,Sona,Support,0,18,8,486,33941,9,True,1216
674,2022-07-30 01:31:06.618000,1319,100,Senna,Support,0,10,3,412,8076,14,True,1231
675,2022-07-31 23:05:52.129000,1948,100,Senna,Support,1,11,11,434,9543,27,False,1216
676,2022-08-01 16:48:27.247000,2708,200,Sona,Support,2,28,8,721,55421,11,True,1231
677,2022-08-01 16:05:28.713000,1692,100,Renata,Support,2,14,4,640,2993,12,True,1246
678,2022-08-01 19:37:12.359000,1732,200,Renata,Support,5,14,7,347,136,11,True,1261
679,2022-08-01 19:00:35.295000,1752,200,Seraphine,Support,2,12,3,504,18771,7,True,1276
680,2022-08-01 22:09:13.577000,199,200,Morgana,Support,0,2,1,69,31,0,True,1291
681,2022-08-01 22:19:46.187000,1660,200,Renata,Support,2,12,11,494,145,7,False,1276
682,2022-08-01 23:27:35.672000,1277,100,Senna,Support,3,9,4,596,5241,2,True,1291
683,2022-08-03 00:17:59.470000,1149,200,Seraphine,Support,0,0,1,1051,317,8,False,1276
684,2022-08-09 19:47:50.447000,1348,200,Senna,Support,3,5,6,584,5171,11,False,1261
685,2022-08-09 23:43:35.950000,1748,200,Renata,Support,0,10,11,299,633,7,False,1246
686,2022-08-10 00:21:50.091000,1613,200,Sona,Support,1,9,8,449,13321,8,False,1231
687,2022-08-13 21:40:21.455000,1658,100,Seraphine,Support,5,13,5,354,7727,15,True,1246
688,2022-08-14 13:58:44.380000,936,100,Senna,Support,0,0,7,177,1921,2,False,1231
689,2022-08-14 21:48:01.198000,1354,200,Sona,Support,1,4,7,385,4864,4,False,1216
690,2022-08-15 13:16:17.243000,2070,100,Sona,Support,2,23,8,333,28412,10,True,1231
691,2022-08-16 14:36:49.213000,1495,100,Nami,Support,2,2,2,943,6695,5,False,1216
692,2022-08-17 12:53:47.314000,924,100,Nautilus,Support,1,6,3,617,0,3,False,1201
693,2022-08-18 09:34:41.749000,1434,200,Sona,Support,0,14,3,633,7490,7,True,1216
694,2022-08-19 12:21:32.779000,2349,100,Janna,Support,0,31,3,871,15946,10,True,1231
695,2022-08-19 13:31:44.607000,2057,200,Brand,Support,6,11,7,776,3424,2,True,1246
696,2022-08-21 11:27:51.648000,1512,200,Janna,Support,1,6,2,1017,2859,7,False,1231
697,2022-08-22 09:28:54.679000,1469,100,Sivir,Bottom,2,4,12,234,1519,2,False,1216
698,2022-08-24 17:46:21.373000,1581,100,Amumu,Support,1,9,11,299,110,3,False,1201
699,2022-08-25 15:47:22.579000,1417,200,Sona,Support,5,17,5,403,14931,7,True,1216
700,2022-08-27 02:09:03.360000,1488,200,Sona,Support,0,9,4,506,11237,4,False,1201
701,2022-08-27 12:23:09.643000,1951,200,Morgana,Support,0,9,5,721,3627,12,False,1200
702,2022-08-29 15:16:55.925000,1272,200,Sona,Support,2,13,2,619,8487,12,True,1215
703,2022-08-30 18:06:43.045000,1182,100,Renata,Support,0,9,2,688,394,1,True,1230
704,2022-08-31 09:36:31.004000,1824,200,Sona,Support,0,12,9,455,18924,16,False,1215
705,2022-09-01 09:24:31.273000,1421,200,Seraphine,Support,1,7,6,495,3331,6,False,1200
706,2022-09-02 09:14:25.675000,1381,200,Senna,Support,1,2,6,844,5006,6,False,1185
707,2022-09-03 23:45:58.297000,1586,200,Senna,Support,2,17,3,1175,10588,16,True,1200
708,2022-09-05 13:10:54.235000,1900,200,Volibear,Jungle,3,17,10,338,12562,14,False,1185
709,2022-09-07 13:45:05.569000,2009,200,Volibear,Jungle,4,7,6,1121,8110,17,False,1156
710,2022-09-08 17:49:33.975000,622,200,Seraphine,Support,0,3,0,0,142,0,True,1171
711,2022-09-09 15:09:13.402000,1286,100,Senna,Jungle,4,6,3,435,5811,13,True,1186
712,2022-09-12 08:58:26.240000,1291,100,Nautilus,Support,2,15,4,387,571,5,True,1201
713,2022-09-15 21:51:11.434000,1647,100,Renata,Support,4,17,6,260,2065,4,True,1216
714,2022-09-21 00:01:12.478000,1618,200,Renata,Support,1,9,10,260,160,13,True,1231
715,2022-09-26 23:16:06.238000,1821,100,Janna,Support,1,18,9,628,3471,11,True,1246
716,2022-09-27 02:09:33.630000,1788,200,Shyvana,Jungle,1,13,7,741,8478,7,False,1231
717,2022-09-26 23:54:02.100000,1794,200,Renata,Support,1,14,4,864,1177,8,True,1246
718,2022-09-27 00:30:40.871000,2024,100,Senna,Support,4,10,11,398,10861,22,False,1231
719,2022-09-27 01:28:12.845000,1850,100,Seraphine,Support,2,16,2,604,10198,12,True,1246
720,2022-09-27 17:52:19.254000,1399,100,Sona,Support,0,6,4,472,7550,9,False,1231
721,2022-09-28 01:16:31.849000,1376,100,Sona,Support,0,3,3,809,5475,6,False,1216
722,2022-09-28 22:19:48.728000,1400,200,Shyvana,Jungle,2,11,7,356,4476,6,False,1201
723,2022-09-28 23:25:00.810000,1626,100,Sona,Support,4,11,10,250,13467,10,False,1200
724,2022-09-28 23:58:15.743000,1732,100,Renata,Support,1,4,11,627,1922,5,False,1185
725,2022-09-29 00:34:33.164000,1420,200,Seraphine,Support,0,4,8,378,1364,2,False,1156
726,2022-09-30 12:41:56.101000,873,200,Janna,Support,0,2,2,640,1881,1,False,1141
727,2022-09-30 13:04:57.888000,1659,200,Janna,Support,2,20,3,1188,13482,11,True,1156
728,2022-09-30 13:41:59.705000,1688,100,Morgana,Support,3,17,7,491,4308,13,False,1141
729,2022-09-30 14:57:20.954000,1609,200,Senna,Support,0,6,6,355,5549,2,False,1126
730,2022-10-02 11:33:59.102000,1497,100,Volibear,Jungle,2,9,7,489,6379,3,False,1111
731,2022-10-03 10:41:41.766000,1351,200,Janna,Support,1,17,2,556,10234,6,True,1126
732,2022-10-03 11:27:44.170000,1005,100,Senna,Support,2,9,2,363,3391,8,True,1141
733,2022-10-03 14:59:06.667000,1503,100,Renata,Support,2,9,4,504,104,6,False,1126
734,2022-10-03 14:31:32.488000,912,200,Sona,Support,2,9,2,482,4858,4,True,1141
735,2022-10-04 01:08:29.464000,1176,100,Sona,Support,0,1,7,240,3335,4,False,1126
736,2022-10-04 00:32:25.140000,1589,200,Janna,Support,4,12,3,556,4971,6,True,1141
737,2022-10-05 00:42:08.736000,1469,100,Janna,Support,1,22,3,487,10856,6,True,1156
738,2022-10-05 01:27:58.291000,1223,200,Janna,Support,0,2,5,429,1938,4,False,1141
739,2022-10-04 23:56:24.619000,1414,100,Renata,Support,0,12,2,465,632,2,True,1156
740,2022-10-05 15:30:43.188000,1841,100,Senna,Support,4,13,5,794,7210,28,True,1171
741,2022-10-05 16:08:44.997000,1587,100,Senna,Support,2,9,3,818,8775,8,True,1186
742,2022-10-05 21:30:51.708000,1352,100,Amumu,Support,2,15,4,551,143,2,True,1201
743,2022-10-05 23:07:52.597000,1858,100,Seraphine,Middle,2,19,8,575,11666,4,True,1216
744,2022-10-22 01:15:21.320000,933,200,Amumu,Support,1,4,1,235,315,4,True,1231
745,2022-10-22 00:47:46.078000,1283,100,Sona,Support,0,9,4,370,7619,5,True,1246
746,2022-10-22 01:36:31.198000,1247,200,Janna,Support,0,4,5,503,2273,1,False,1231
747,2022-10-23 22:20:56.411000,1147,100,Janna,Support,1,5,1,1004,5087,1,True,1246
748,2022-10-23 22:55:18.007000,1690,100,Senna,Support,4,15,7,527,8489,8,True,1261
749,2022-10-24 08:21:51.621000,1282,200,Janna,Support,0,6,2,853,3884,4,False,1246
750,2022-10-24 22:28:06.856000,917,200,Amumu,Support,0,1,4,226,14,7,False,1231
751,2022-10-24 21:56:30.899000,1227,100,Amumu,Jungle,1,8,4,597,182,4,True,1246
752,2022-10-25 18:36:42.159000,1546,100,Seraphine,Support,0,8,2,677,1129,9,True,1261
753,2022-10-26 12:38:20.330000,922,100,Senna,Support,2,2,4,342,1483,3,False,1246
754,2022-10-26 23:56:32.096000,1217,100,Morgana,Support,1,1,3,735,356,5,False,1231
755,2022-10-28 00:21:53.344000,1213,100,Renata,Support,0,3,7,240,0,6,False,1216
756,2022-10-29 02:11:20.546000,1207,200,Renata,Support,0,3,6,367,0,4,False,1201
757,2022-10-29 03:42:15.098000,1357,200,Sona,Support,0,10,5,581,9811,4,False,1200
758,2022-10-29 02:48:01.621000,1839,100,Amumu,Support,2,6,10,336,1598,7,False,1185
759,2022-10-29 12:55:34.880000,917,100,Morgana,Support,1,6,0,0,610,3,True,1200
760,2022-10-29 19:01:24.934000,1710,100,Senna,Support,1,9,9,367,9454,12,False,1185
761,2022-10-29 19:36:03.951000,1966,200,Zyra,Support,0,10,8,338,887,10,True,1200
762,2022-10-29 20:16:49.713000,1889,200,Nautilus,Support,2,20,9,277,1204,8,True,1215
763,2022-10-29 21:43:35.008000,1396,200,Janna,Support,0,11,2,500,8501,5,True,1230
764,2022-10-29 22:12:50.299000,1154,200,Seraphine,Support,0,12,2,249,4768,4,True,1245
765,2022-10-29 22:36:46.612000,1440,100,Morgana,Support,1,12,3,426,2280,3,True,1260
766,2022-10-29 23:42:18.501000,1106,200,Janna,Support,0,2,1,282,461,1,False,1245
767,2022-10-31 14:55:26.303000,1255,100,Janna,Support,0,9,5,421,6567,4,True,1260
768,2022-10-31 15:22:08.462000,1497,100,Senna,Support,2,6,5,614,8085,13,False,1245
769,2022-10-31 15:54:50.649000,1271,200,Sona,Support,1,13,1,774,13806,3,True,1260
770,2022-11-03 01:03:19.399000,1392,200,Janna,Support,1,7,8,451,6984,7,False,1245
771,2022-11-03 10:01:42.839000,1315,100,Senna,Support,0,5,7,336,4818,11,False,1230
